用户ID,出生日期,性别
2757,2013-03-11,男
415971,2012-11-11,女
1372572,2012-01-30,男
10339332,2011-09-10,女
10642245,2013-02-13,女
10923201,2011-08-30,男
11768880,2012-01-07,男
12519465,2013-07-05,男
12950574,2009-07-08,女
13735440,2012-03-23,女
14510892,2014-08-12,男
14905422,2011-04-29,男
15786531,2008-09-22,女
16265490,2009-12-09,女
17431245,2011-01-15,女
18190851,2011-01-01,女
20087991,2010-08-08,女
20570454,2008-10-17,男
21137271,2011-02-04,男
21415917,2006-08-01,男
21887268,2010-05-26,女
22602471,2009-06-01,男
23208537,2008-04-16,男
23927133,2008-10-29,女
24829944,2014-08-26,男
25807593,2014-11-22,男
26629842,2013-11-24,女
27213666,2008-04-13,女
30595206,2007-09-18,女
31235454,2011-03-19,女
31795068,2007-11-24,女
33062883,2010-08-14,男
34582044,2012-11-01,女
34911780,2010-03-02,男
35831517,2011-07-08,女
37273026,2012-02-12,男
38061660,2011-12-03,男
40305507,2011-10-17,男
41643429,2014-03-22,男
42687654,2009-05-15,男
43241697,2012-05-12,女
44716356,2013-02-11,女
46013049,2014-04-08,男
46951908,2009-12-17,男
47742510,2014-07-27,女
48655521,2011-01-01,女
49167150,2013-08-18,未知
49983255,2014-02-06,未知
50238258,2010-12-06,男
51103674,2011-08-17,女
51880578,2011-01-07,女
52529655,2013-06-11,未知
52744851,2012-08-22,男
53433471,2012-09-03,男
54855720,2013-01-28,女
55875510,2012-08-03,女
56663970,2009-11-16,男
57494340,2014-05-18,女
57711375,2013-04-20,未知
58199199,2011-07-02,女
58463787,2010-09-28,男
59069103,2006-04-13,女
59596068,2013-04-28,男
60387171,2013-02-16,男
61079421,2013-05-01,男
61620681,2013-03-08,女
62879667,2011-12-05,女
64343163,2010-01-23,男
65312343,2009-06-27,男
66248748,2012-09-08,女
66755460,2011-03-07,男
67443207,2008-01-01,女
67985523,2012-07-13,女
69057729,2011-01-05,男
69435486,2012-08-21,男
70069665,2010-04-15,女
70835010,2014-05-22,女
71726532,2011-05-15,女
72231900,2011-02-21,女
72746697,2014-02-22,男
73291425,2010-06-28,女
74459175,2013-03-09,女
75343881,2012-02-25,女
75613245,2011-11-22,男
76580427,2012-03-07,男
77933013,2010-07-02,男
78375309,2013-03-22,男
78962691,2013-02-18,女
80014536,2012-06-15,男
80512596,2013-02-08,女
81793389,2013-09-04,女
82783545,2014-04-16,男
83472357,2013-01-20,男
84835944,2011-10-08,女
86731623,2013-12-26,女
87659835,2011-09-30,男
88290456,2009-01-18,女
91177545,2010-02-03,女
92116962,2012-05-26,男
93332442,2011-11-02,女
94472106,2009-11-05,女
95428725,2012-03-31,女
96476817,2012-08-13,女
97489185,2014-04-29,男
98246781,2012-06-18,男
99665637,2013-09-26,未知
102088293,2013-05-25,男
105361095,2013-01-16,男
106828323,2014-02-01,女
109404219,2007-04-09,女
111621945,2013-08-09,男
113243127,2011-02-26,女
114558810,2008-09-14,女
115930791,2013-05-19,女
116466705,2013-01-01,女
118300134,2011-05-03,女
119784861,2012-03-27,女
123044613,2011-12-10,男
124527924,2011-09-30,男
126581934,2011-05-19,女
127931487,2012-07-03,女
130211481,2008-12-09,女
131021484,2009-10-08,女
132357204,2011-11-25,男
133595268,2011-09-19,男
136997100,2013-01-13,男
138180945,2008-09-28,女
139924698,2012-01-17,男
141595593,2008-12-22,女
143220732,2008-12-16,男
150404943,2005-06-18,女
151742451,2014-01-21,未知
154930665,2011-02-18,女
155969997,2012-05-05,女
159129426,2010-08-25,女
163555902,2009-05-02,男
166937481,2013-06-20,男
172453374,2013-02-06,男
174880005,2007-09-10,女
180473754,2013-05-22,女
186418698,2012-01-18,男
188799366,2011-11-30,男
191156136,2013-04-15,女
196293483,2010-01-17,男
197066280,2008-05-10,女
198339735,2011-01-28,女
199354107,2010-03-10,男
201402855,2008-12-18,女
211057395,2008-03-11,女
219658557,2013-02-20,男
224653845,2011-11-14,男
229407174,2008-12-23,女
235795692,2013-04-25,女
241837911,2012-12-25,女
250900287,2013-07-08,男
255635397,2013-06-07,男
260087412,2013-03-09,女
264579453,2014-05-12,女
267910347,2007-11-21,女
272757969,2011-02-24,女
275261625,2010-05-25,女
276219687,2013-05-29,男
277629531,2013-08-30,未知
279722190,2009-03-18,女
286307391,2011-10-09,女
292966044,2010-09-16,男
300931383,2013-12-19,女
305489040,2013-08-11,男
316263477,2011-07-17,男
322204938,2013-06-26,女
325759617,2010-08-12,男
326454822,2009-04-03,男
332182758,2012-07-14,男
338734269,2013-09-26,男
343603914,2013-02-25,男
348109281,2010-02-08,男
352463907,2011-04-02,女
354804408,2013-03-27,女
357851268,2012-06-21,男
359890617,2014-03-24,女
360647838,2014-01-20,女
363164958,2014-12-29,女
367595379,2010-09-23,男
371646807,2014-09-15,男
373726419,2013-08-28,女
378028878,2012-02-08,女
379910739,2011-02-26,女
384841734,2012-08-30,男
387079260,2013-10-18,男
389377821,2014-05-20,女
393226650,2013-04-25,男
396311979,2011-09-26,男
403609077,2011-08-02,女
405674478,2012-10-28,男
408325776,2014-05-05,女
410161398,2007-05-06,男
412025994,2013-04-02,男
414338337,2015-01-23,男
419554296,2012-07-09,男
422641140,2012-08-20,男
426768576,2013-04-01,男
438010029,2012-08-07,男
442973445,2013-05-20,男
451100817,2011-07-24,男
460971987,2011-10-01,女
474782625,2014-07-15,男
478118517,2013-11-03,女
486503874,2012-09-10,男
502828062,2011-10-17,男
515908401,2011-07-14,女
528643545,2012-12-04,女
550066806,2013-11-01,男
573822792,2014-12-26,女
581726208,2015-08-15,男
592767759,2014-08-24,男
602646492,2013-07-12,男
606024981,2014-03-26,女
620090085,2014-09-08,男
628378860,2012-08-16,女
633734925,2012-03-24,女
645596397,2013-02-20,女
648024036,2011-07-30,男
648783804,2007-06-09,女
652992315,2008-12-31,女
656871588,2011-09-05,男
660371928,2013-03-05,男
665216877,2014-02-26,女
669342381,2013-10-18,男
672591831,2014-08-07,男
674462565,2013-10-28,男
676404930,2014-12-15,男
679878153,2013-09-27,女
682888656,2015-04-06,男
686047242,2010-03-04,女
690267186,2014-01-04,未知
693449541,2007-01-13,男
698867133,2014-09-25,女
705109899,2015-03-18,女
707774847,2011-03-31,女
712034589,2011-01-06,女
714919791,2012-03-16,男
717297456,2013-06-12,男
718935048,2012-10-28,女
723397857,2011-09-17,女
726334191,2010-02-25,男
728180676,2010-12-12,女
730302768,2011-03-30,男
732541962,2012-12-28,男
734958687,2012-09-16,男
737930496,2014-05-15,男
741473940,2014-07-23,男
743631006,2013-02-24,男
746338356,2013-08-06,男
750833184,2010-11-04,女
753852498,2013-10-11,女
756621534,2014-10-16,男
758277216,2014-10-26,女
761265678,2013-09-27,男
764418129,2012-10-12,男
766386444,2014-01-15,女
771232308,2010-04-15,女
775276242,2011-02-01,女
779336988,2010-03-10,男
785311611,2012-10-03,女
787693926,2008-12-26,男
793020597,2012-04-27,女
798742650,2013-11-04,男
805018083,2012-10-06,男
809862801,2014-01-21,男
816959238,2012-06-21,女
824413527,2013-12-01,女
827639760,2014-01-01,女
829440261,2013-12-18,女
838135776,2013-02-06,女
844344519,2012-02-10,男
848302497,2014-02-18,男
849430227,2014-06-19,女
859624068,2011-08-24,男
870668820,2014-02-11,男
874621830,2010-12-20,男
883158198,2013-06-10,男
886997790,2014-11-30,女
902549448,2013-06-15,未知
914074800,2014-02-19,未知
925964568,2009-03-30,男
1017818160,2011-10-20,女
1033466085,2012-04-11,女
1040350341,2014-06-28,女
1045319175,2011-02-09,男
1049355963,2012-07-02,女
1055336274,2012-04-29,男
1060518588,2013-08-15,未知
1075810191,2014-07-18,男
1083497049,2014-08-15,女
1089343761,2013-12-05,女
1100388114,2014-10-11,女
1113460719,2013-05-04,女
1125759387,2014-08-11,男
1132472679,2014-10-30,女
1593516816,2009-06-18,男
1635059595,2007-09-19,男
1643805171,2014-05-09,男
1658032434,2012-10-22,男
1672630998,2014-03-02,男
1692582408,2012-07-12,女
1706543412,2011-01-05,男
1730315664,2012-06-29,女
1766969850,2013-06-13,女
1783121841,2004-03-23,女
1817973372,2012-02-23,男
1834895775,2009-05-15,女
1858557399,2014-11-15,男
1911445233,2012-04-30,男
1944471144,2013-08-19,男
1990421511,2014-10-21,女
2062636887,2015-03-15,男
2118737046,2014-04-11,男
2230873305,2012-02-01,女
2298687186,2012-10-09,男
330830,2009-10-07,女
645557,2012-02-07,女
1567601,2012-07-07,女
10502300,2012-05-04,女
11461439,2013-03-07,男
12155387,2009-08-05,男
12576056,2011-06-11,女
13101455,2011-08-19,女
13802003,2011-10-22,男
14342858,2011-02-07,女
14785577,2008-08-20,女
16031078,2012-03-25,女
16992440,2012-05-16,女
17830874,2013-09-27,未知
21185033,2006-04-07,男
22337360,2004-09-12,女
22775189,2012-04-19,女
23256752,2012-07-12,男
23779676,2010-01-09,男
24466085,2011-09-03,女
25176194,2014-09-13,男
26184254,2012-12-21,女
27488537,2009-06-16,女
31036295,2012-02-05,男
32802731,2005-11-30,女
33702305,2013-03-18,女
34296803,2009-04-14,女
35497496,2009-10-20,男
36134771,2014-11-17,男
37050995,2012-10-22,女
37613228,2012-03-21,女
38060393,2011-08-01,男
39712478,2013-02-12,女
40183850,2012-06-11,男
41338352,2008-01-30,女
42558014,2010-07-04,女
44253932,2010-01-13,男
45661628,2013-10-15,男
46577846,2012-05-18,女
47342027,2010-10-08,男
47737028,2012-03-20,男
48419732,2010-04-09,女
48922355,2011-07-15,女
49561550,2013-06-04,男
50168231,2009-04-28,女
51150884,2008-11-29,男
51598634,2011-06-12,女
52404311,2010-09-24,男
52971251,2013-06-17,女
53538638,2013-11-06,男
54451652,2010-06-02,女
54925736,2013-04-28,女
55867871,2012-06-23,男
56736746,2012-11-05,男
57970535,2013-01-14,男
58244867,2010-10-15,男
58666247,2014-03-07,女
59441576,2010-02-23,男
60290489,2009-11-01,女
61127135,2012-03-17,男
61526102,2011-05-23,女
62380766,2012-03-13,男
62789705,2013-11-11,女
63437351,2012-10-15,女
63741599,2011-03-24,女
65079983,2013-08-04,男
65651861,2011-11-24,男
66569606,2012-01-23,男
67170281,2012-06-12,男
67555313,2007-06-01,女
68067107,2012-11-14,男
69203525,2010-01-23,男
69841787,2014-07-25,女
71850476,2012-05-13,男
72088976,2014-11-06,男
72875105,2012-08-02,女
73973378,2012-04-04,女
75104744,2014-03-15,男
76076096,2014-04-28,男
77723093,2013-12-21,女
78613406,2007-11-04,男
79823567,2014-04-09,男
81094748,2009-03-23,女
82248938,2014-12-30,女
83744798,2012-08-05,男
84725909,2009-09-18,女
85189793,2009-03-13,男
86967455,2007-08-05,女
88830644,2014-03-25,男
89800466,2011-03-31,女
91156811,2012-05-25,女
92192666,2011-09-22,女
93083084,2013-12-11,女
94577459,2012-07-06,女
95849627,2006-12-23,女
98425070,2014-01-27,男
101415002,2012-03-15,女
104211743,2013-02-19,女
108083003,2014-12-06,男
110798294,2012-09-23,女
112842020,2010-11-25,女
113554421,2010-09-09,女
115248467,2013-04-18,男
116573081,2012-11-13,女
119127104,2011-08-20,男
121722809,2014-06-01,男
124333754,2014-03-23,男
125703503,2012-07-25,女
127104347,2012-04-24,女
129162752,2010-11-13,女
130263794,2010-04-29,女
131325713,2011-04-29,女
132383393,2015-03-15,女
133647926,2013-09-25,男
135519929,2012-02-26,男
136451900,2012-10-18,女
137364326,2010-11-12,女
138121253,2011-03-03,男
139879121,2004-06-22,男
140860418,2013-12-02,女
142427984,2011-07-21,女
143808779,2010-10-01,男
150096824,2014-09-28,女
150330797,2012-04-04,女
150795260,2012-11-21,男
154492646,2011-11-13,男
155835737,2014-06-15,男
157720562,2014-08-31,女
159041066,2012-07-23,男
160688669,2011-09-15,男
163954748,2013-06-16,女
167910527,2012-11-21,女
171219494,2013-11-09,女
175524797,2009-05-16,女
180332213,2009-12-03,女
183827816,2011-04-30,女
186849644,2010-11-15,男
188600174,2014-01-21,男
191039747,2014-07-09,女
195018770,2014-11-09,女
198772898,2014-11-15,女
200491949,2013-11-06,男
210263456,2012-09-07,女
213455117,2015-07-02,女
220079966,2010-08-08,女
224292962,2012-12-13,男
229463294,2013-07-07,女
243205895,2014-07-02,女
249709718,2013-11-20,男
259538915,2012-04-23,女
264008927,2012-03-25,女
266966105,2008-10-13,男
269267507,2012-11-20,男
274379633,2014-06-27,男
276246305,2010-10-10,女
277357538,2012-06-16,女
279787751,2013-09-14,男
282788237,2010-12-06,男
287230352,2009-03-16,男
290360210,2013-10-29,女
294750833,2013-07-30,男
299196791,2014-03-31,女
306716492,2015-03-01,男
321506990,2013-02-13,女
324693962,2014-02-19,女
338773232,2012-08-07,男
347068613,2014-11-20,女
350099492,2008-06-22,女
352890947,2010-12-01,女
356049284,2009-07-15,女
358097309,2013-09-15,男
359601689,2011-12-15,女
363147332,2009-01-29,男
367656020,2006-11-13,男
369616040,2014-10-05,女
370606430,2013-06-04,女
373105196,2014-01-03,男
376448732,2006-03-07,男
377473718,2011-12-26,男
378871709,2012-02-23,男
381275366,2013-07-09,女
385135931,2014-11-04,女
388415192,2009-09-18,男
392508254,2009-08-09,女
394567091,2008-10-16,女
398312015,2014-06-23,男
404254046,2009-01-11,女
406935827,2013-12-30,男
408499766,2014-09-19,女
411194666,2014-07-17,女
414883979,2008-03-27,女
418692116,2014-06-02,男
425087423,2011-11-23,男
437556506,2011-09-28,女
441486929,2012-11-28,男
447609368,2011-11-15,男
466369304,2013-08-02,男
476002223,2012-08-17,女
486110123,2014-06-02,女
504804896,2010-02-20,女
506946641,2013-04-18,女
511889597,2011-11-06,男
525892484,2013-06-19,男
545936732,2006-08-10,女
552289829,2008-12-23,女
571159301,2011-07-20,男
593517038,2012-06-26,男
603123248,2013-11-21,女
606918860,2012-06-27,女
614946692,2014-06-11,男
631917779,2012-10-23,男
642755513,2013-10-26,女
644854097,2014-03-18,女
646222766,2010-02-28,女
648241169,2013-10-05,女
650723936,2014-10-06,女
653290859,2007-08-20,男
659749250,2012-10-15,女
664236959,2012-07-26,女
667774265,2013-10-10,女
672265151,2012-11-28,女
674451014,2011-01-15,女
675728690,2010-11-15,女
678827114,2013-01-19,女
685332320,2012-02-23,女
689783888,2014-03-04,女
692815952,2013-07-14,男
697241495,2010-05-17,女
702647816,2014-03-22,男
706851515,2007-08-17,女
711496874,2011-10-25,女
718858754,2011-10-15,男
722440556,2014-10-03,男
723449270,2010-10-03,女
726045779,2012-09-04,女
728844788,2014-05-27,女
733070564,2014-12-17,男
738243947,2014-05-22,男
743394056,2010-11-25,女
745559711,2013-02-17,男
748181531,2014-07-22,男
751654337,2008-09-27,男
757254614,2009-05-28,女
759253421,2014-02-27,女
760737575,2015-03-06,男
763368008,2014-08-30,男
767800373,2012-06-08,女
771449207,2014-06-22,女
775425752,2014-08-30,男
779743331,2013-09-12,男
783771062,2012-10-05,女
786904109,2013-04-22,男
789872417,2009-08-05,女
795355691,2011-07-09,女
797916383,2013-04-18,女
800173649,2013-07-20,女
807555311,2014-02-13,男
810566789,2014-03-18,男
812347802,2013-03-19,女
816914951,2014-09-28,女
818864954,2014-07-13,男
824754611,2012-11-08,女
829213583,2013-11-10,女
834999974,2014-11-30,男
841216238,2013-05-05,女
849873788,2014-05-19,女
854553317,2014-01-19,女
864297971,2013-03-09,女
867290915,2007-02-07,女
877873688,2013-06-10,女
882909923,2012-05-16,男
889878950,2013-09-01,女
894103508,2014-10-21,女
898630655,2012-11-02,男
910140800,2013-03-02,女
918918455,2008-10-22,女
929425316,2011-09-12,女
1020368066,2010-06-01,男
1023634940,2011-12-28,女
1033551143,2013-08-12,女
1040314082,2012-04-22,男
1045498739,2013-09-26,男
1050126413,2014-05-18,女
1055473418,2010-11-03,男
1062425612,2012-09-02,女
1069860359,2013-05-08,女
1076986436,2012-03-20,女
1081341647,2014-12-09,男
1091263211,2013-04-13,女
1108310267,2013-10-02,男
1124076737,2012-10-13,女
1134007073,2013-12-31,未知
1589292035,2011-06-05,男
1630379975,2014-04-02,女
1641457379,2013-12-26,男
1656319652,2015-01-08,男
1671080225,2014-03-09,女
1684502624,2011-05-25,男
1709476961,2013-01-06,女
1743387086,2012-10-13,女
1771335722,2012-08-08,男
1793514014,2013-06-25,女
1822398971,2013-05-08,女
1844317769,2014-06-26,女
1850552006,2014-01-25,男
1869728066,2013-07-21,男
1887892514,2009-12-10,女
1924473311,2014-04-16,女
1942584506,2014-04-05,男
1978481429,2013-08-29,男
2020687907,2012-07-04,女
2067426839,2015-03-01,男
2104818212,2014-03-27,女
2176939646,2014-01-10,男
2214580556,2012-12-01,男
2262837380,2011-09-14,女
2391404843,2014-09-16,男
243385,2011-07-10,女
929851,2011-04-03,女
10405255,2012-02-14,女
11503702,2012-08-26,男
12631429,2013-04-08,男
13503298,2012-09-28,女
13848376,2014-08-21,男
14304064,2010-06-01,男
15108904,2012-12-14,男
16033918,2013-10-24,未知
17289460,2010-12-11,男
18382012,2009-05-30,男
20451388,2012-01-29,男
20995405,2011-11-14,女
21647086,2009-03-14,女
21838963,2014-03-10,女
22733878,2009-01-16,男
23086954,2011-10-08,女
24079156,2010-12-31,男
25526539,2014-03-09,男
26188351,2010-03-29,女
27595882,2010-03-29,男
30438040,2003-10-17,女
31465015,2012-06-01,男
32418211,2009-09-29,男
32950783,2013-10-25,女
33580636,2011-01-02,女
35009662,2012-11-24,男
35832151,2009-04-01,男
36789289,2013-06-11,女
38130097,2014-01-27,男
39645715,2013-01-22,男
40216027,2011-01-24,女
42092374,2015-01-17,男
43270534,2014-04-10,男
44732791,2011-08-28,女
45002392,2013-12-12,未知
45797590,2013-08-18,男
46239667,2011-09-16,男
47138383,2010-12-21,女
47836546,2012-09-01,女
48621253,2013-01-25,男
49008121,2011-03-10,女
49551046,2015-04-19,女
49997797,2009-08-16,男
50839954,2011-08-11,女
51587524,2009-02-02,男
52313002,2006-04-15,女
53224585,2011-06-03,女
53917099,2011-09-21,女
54366478,2010-12-10,男
55069180,2014-08-07,女
55522687,2013-12-15,男
56340436,2008-01-06,男
56819773,2008-08-12,男
57613642,2013-07-20,女
58386865,2013-03-19,男
58846126,2014-05-25,女
59265016,2013-02-15,男
60392074,2013-03-21,男
61588159,2013-08-13,女
62395309,2011-12-12,男
63157165,2011-08-09,男
64093162,2010-08-16,男
64581913,2013-08-27,未知
65935243,2006-06-16,男
66738967,2004-11-09,女
67828543,2012-12-27,男
69106930,2010-06-01,女
69889555,2010-11-11,女
70231555,2012-02-23,女
71241931,2011-08-31,男
72341311,2014-04-06,女
72555454,2012-03-02,男
73927336,2011-10-15,男
75200815,2013-11-14,女
75758080,2012-03-02,女
76472818,2012-04-25,男
77164222,2015-01-29,男
78135508,2011-11-05,男
78923188,2002-12-05,女
80273467,2015-01-25,未知
82413736,2011-09-20,女
83359531,2011-02-05,男
83942488,2010-06-21,男
84547855,2007-08-08,女
84890647,2013-02-28,男
85390387,2003-09-09,女
85942387,2012-12-26,女
86828233,2008-01-21,女
87526273,2010-11-01,女
88718614,2009-10-10,男
89781118,2013-01-12,男
90961714,2012-02-10,女
92590396,2012-07-17,男
95793571,2013-10-10,女
97496056,2011-11-17,女
99519637,2014-08-06,女
101254996,2013-07-17,未知
102571912,2010-11-16,女
106735420,2013-07-09,男
107865814,2012-06-20,男
108344071,2010-07-04,男
109907629,2010-02-18,男
111794341,2010-09-02,男
112175464,2014-01-01,女
113093326,2012-11-26,男
115378612,2014-04-12,未知
117002455,2011-04-25,女
118942006,2012-09-29,男
120971704,2011-06-24,女
124613323,2011-04-20,男
125840215,2011-05-02,女
127451512,2012-12-12,女
128693368,2010-07-20,女
129972565,2011-01-22,女
131802832,2012-04-05,男
133546192,2013-07-07,未知
134536342,2012-05-21,女
136517419,2012-07-12,男
138548893,2014-06-27,女
139491685,2012-05-03,男
141263038,2011-11-28,男
141999400,2012-08-17,男
144253378,2013-10-21,未知
152076304,2008-08-19,女
153843973,2008-02-24,男
156156175,2013-08-24,未知
156942952,2013-12-27,女
161512438,2013-03-04,女
165283246,2013-11-04,男
168252385,2013-01-27,男
169596502,2015-02-18,男
173329093,2013-06-15,女
178032355,2013-05-10,男
183137017,2007-11-05,女
185178295,2014-08-13,男
188785717,2011-06-17,女
191994688,2013-03-19,男
195510961,2012-01-16,男
197411149,2010-04-29,女
198627397,2013-06-17,未知
200849884,2006-01-13,男
204505282,2010-10-06,女
207508450,2012-02-20,男
217491793,2013-02-10,女
223475170,2005-12-18,男
240345601,2013-04-13,男
248962105,2013-07-26,女
253581310,2014-04-11,女
257521582,2014-05-05,男
260092225,2011-10-05,男
262823764,2012-09-13,男
264839494,2007-07-29,女
270377458,2012-04-02,女
274099870,2014-08-31,女
275987542,2014-01-03,男
276632530,2012-07-16,男
279185110,2007-08-16,男
280347691,2013-04-06,女
283250293,2013-06-13,男
290538796,2011-05-20,男
293128525,2013-03-06,男
296255521,2012-09-15,女
300031861,2014-01-05,女
306544399,2012-11-04,男
310635877,2013-03-21,女
321329368,2007-04-28,女
325249615,2011-01-03,女
330386953,2011-02-10,女
339355276,2013-08-31,男
345134125,2013-01-18,女
346883797,2012-03-28,女
350100046,2011-05-09,女
353221225,2011-08-13,女
355762297,2009-09-23,女
359840716,2009-01-20,女
363860560,2014-02-16,未知
366240547,2009-11-06,女
369840982,2013-03-09,男
371636266,2013-12-04,女
376464964,2014-08-24,女
377550424,2011-06-20,男
381387022,2013-04-01,男
383735470,2011-08-19,女
385231417,2011-11-22,男
389326420,2013-07-17,女
393380275,2010-02-09,女
397468855,2014-08-04,男
401026519,2011-03-20,女
403168768,2013-12-17,女
406365709,2013-06-08,女
410823343,2011-03-26,男
411347539,2012-09-04,男
416284711,2013-03-24,女
423008263,2012-08-12,男
430319227,2011-06-15,女
441460285,2013-10-23,男
444309931,2010-08-10,女
445949008,2014-10-09,男
460727512,2009-07-22,女
468484747,2011-05-31,男
479631961,2011-07-25,女
488469409,2014-08-09,男
504846829,2013-10-24,男
509990590,2014-04-04,男
513441334,2011-01-05,男
517793335,2011-07-10,男
530044678,2008-01-01,女
549274183,2012-09-28,女
559247716,2012-10-20,男
576767101,2013-06-01,男
593315800,2012-09-23,男
604714141,2014-08-05,男
609791410,2014-02-20,男
628367479,2012-01-26,男
638926978,2015-01-08,男
643563115,2011-08-08,男
647746339,2013-02-07,男
649346959,2013-04-27,女
651493549,2011-11-08,男
655834471,2012-04-03,女
658919521,2013-10-14,女
664444918,2011-09-27,男
669302326,2010-04-06,女
672166297,2013-10-24,男
674478679,2014-02-01,男
675579268,2013-09-16,女
678340978,2014-08-25,男
682354444,2014-06-05,男
685810741,2013-03-22,男
687066529,2011-05-11,男
688809898,2012-08-04,女
691470382,2013-04-07,女
694874554,2012-11-22,女
697526248,2015-01-15,男
701712529,2015-04-02,男
703730908,2010-05-02,女
705498556,2012-10-04,女
709021222,2012-11-01,男
711528325,2010-11-14,男
713724745,2010-04-24,女
721803445,2008-08-08,女
725520721,2011-12-08,男
729828346,2013-01-07,男
735319921,2012-10-01,男
740015689,2013-09-26,女
746105695,2013-06-27,男
750087385,2015-02-15,女
752822677,2013-02-26,男
755743741,2014-07-17,女
761730076,2008-02-09,女
769346515,2014-05-02,男
771784864,2012-08-24,女
775584118,2012-10-23,女
779107498,2009-09-28,女
783992038,2008-07-23,男
785043910,2013-05-30,女
790148926,2014-08-27,男
794000662,2014-09-03,女
799287214,2012-08-13,女
809244853,2015-05-02,女
814243609,2013-01-10,男
818761936,2013-12-05,男
821089219,2014-06-15,女
826835722,2014-07-02,女
834678463,2014-06-10,男
838547338,2012-12-18,女
842436337,2011-10-16,男
854053048,2011-05-24,男
857559826,2013-10-13,女
867476098,2013-08-06,女
870525985,2014-09-03,女
877518892,2014-03-04,男
883771195,2012-07-11,男
891736786,2012-06-28,男
904942807,2010-11-05,女
917524288,2011-06-24,女
921137911,2014-07-14,男
924007702,2009-12-24,女
930683689,2013-10-13,未知
1017989581,2014-08-04,男
1027969540,2013-02-28,女
1038480421,2013-02-08,男
1041892321,2012-08-01,女
1052158519,2012-03-29,女
1063363684,2014-11-14,女
1070284684,2011-12-29,女
1081311286,2013-10-31,女
1087643545,2013-06-29,男
1094274418,2013-08-03,女
1103802043,2013-03-01,男
1133628211,2012-09-03,女
1577585731,2013-03-21,女
1609674769,2014-07-03,未知
1635254677,2013-01-23,男
1649930323,2010-10-04,女
1671493753,2014-12-22,男
1683328510,2013-08-17,男
1702276954,2013-08-21,男
1711109878,2012-08-23,女
1720825303,2014-07-21,女
1754594929,2014-08-26,女
1812586633,2015-03-09,女
1830529477,2013-06-17,女
1836568285,2011-11-23,女
1862594497,2010-01-05,女
1890948217,2013-09-17,女
1921509424,2013-05-31,男
1973092345,2003-03-03,女
1993235563,2014-07-09,男
2020957900,2014-04-30,女
2080304899,2010-07-13,女
2114469016,2014-04-16,女
2186831536,2014-05-19,男
2254611367,2011-10-31,女
